{"episode_types": ["t", "t", "t", "t", "t", "t", "t", "t", "t", "t", "t", "t", "t", "t", "t", "t", "t", "t", "t", "t"], "initial_reset_timestamp": 1484183425.846567, "episode_rewards": [13.0, 21.0, 17.0, 14.0, 11.0, 22.0, 19.0, 16.0, 12.0, 26.0, 20.0, 11.0, 23.0, 18.0, 14.0, 23.0, 34.0, 10.0, 22.0, 13.0], "timestamps": [1484183426.636076, 1484183427.036724, 1484183427.08137, 1484183427.081618, 1484183427.081788, 1484183427.082075, 1484183427.082371, 1484183427.082673, 1484183427.286678, 1484183427.325332, 1484183427.325621, 1484183427.325787, 1484183427.326102, 1484183427.326376, 1484183427.326585, 1484183427.326911, 1484183427.327364, 1484183427.327535, 1484183427.327833, 1484183427.328024], "episode_lengths": [13, 21, 17, 14, 11, 22, 19, 16, 12, 26, 20, 11, 23, 18, 14, 23, 34, 10, 22, 13]}